Model,MAE,RMSE,MAPE,R2,SMAPE,MedAE,Direction_Accuracy,Train_Time,Inference_Time,Best_Epoch,Selected_Seed,Seed_RMSE_Mean,Seed_RMSE_Std,Seed_MAE_Mean,Seed_MAE_Std
CatBoost_Only,1907.4713751017784,5151.333210170692,24.070588310404453,0.2540901390451922,4.13536164565297,1274.2309377216043,57.65765765765766,0.0,,1,42,,,,
CatBoost+DynamicRetrievalResidual,1901.9023470464294,5151.675716608658,24.079824259643203,0.2539909463071762,4.125254672229844,1274.6353110068667,57.65765765765766,5.391974400001345,,3,42,5227.467812286605,54.688959049716374,1935.9906131923851,38.264531937985424
CatBoost+HARPv2_NoExpertRouting,1901.9023470464294,5151.675716608658,24.079824259643203,0.2539909463071762,4.125254672229844,1274.6353110068667,57.65765765765766,5.42781250000553,,3,42,5227.467812286605,54.688959049716374,1935.9906131923851,38.264531937985424
CatBoost+HARPv2_Full,1891.0645478824588,5153.85985153142,24.108615914572006,0.2533582473881255,4.105467584427123,1225.3718595665669,57.65765765765766,7.84557230000064,,8,42,5321.429344668969,171.38900621683845,2135.1184185118996,325.640998589374
CatBoost+HARPv2_NoPeakAuxLoss,1891.0645478824588,5153.85985153142,24.108615914572006,0.2533582473881255,4.105467584427123,1225.3718595665669,57.65765765765766,7.931853800000681,,8,42,5321.429344668969,171.38900621683845,2135.1184185118996,325.640998589374
CatBoost+HARPv2_NoLearnedAnchors,1885.4272552786883,5159.978953237483,24.164516901471984,0.2515842414296595,4.094328226910232,1186.408662097514,57.65765765765766,6.339718299997912,,4,42,6094.164819410577,1193.226481028911,2341.046741698871,511.70928101495065
CatBoost+HARPv2_NoDynamicRetrieval,1906.5967348933625,5245.091378530023,24.636231582727756,0.22669079377269052,4.119061148067379,1186.695880517771,54.95495495495496,10.36075809999602,,17,52,5475.894956036904,289.65986142034006,2027.9226565765446,102.72846887388873
CatBoost+SimilarDayResidual,2244.42639464646,5392.079763878676,25.014388555973426,0.18274106199807205,4.671264545207313,1404.292642233755,54.95495495495496,0.0,,1,42,,,,
